,FIRE_YEAR,STATE,FIRE_SIZE
0,1992,AK,142717.3
1,1992,AL,1253.2
2,1992,AR,1478.5
3,1992,AZ,42593.65
4,1992,CA,296439.6
5,1992,CO,7451.4
6,1992,CT,466.05
7,1992,DC,0.4
8,1992,DE,124.0
9,1992,FL,95279.7
10,1992,GA,27013.35
11,1992,HI,11161.3
12,1992,IA,85.3
13,1992,ID,684658.9
14,1992,IL,235.4
15,1992,IN,247.3
16,1992,KS,251.6
17,1992,KY,604.5
18,1992,LA,25129.1
19,1992,MA,5.4
20,1992,MD,1160.3
21,1992,ME,4399.3
22,1992,MI,2987.4
23,1992,MN,30182.13
24,1992,MO,28716.0
25,1992,MS,60830.1
26,1992,MT,38561.71
27,1992,NC,27489.1
28,1992,ND,6373.9
29,1992,NE,1227.1
30,1992,NH,164.671
31,1992,NJ,16603.65
32,1992,NM,99202.45
33,1992,NV,92345.8
34,1992,NY,2334.4
35,1992,OH,101.7
36,1992,OK,47575.1
37,1992,OR,117437.26
38,1992,PA,59.7
39,1992,PR,127.0
40,1992,SC,31202.8
41,1992,SD,59412.28
42,1992,TN,429.6
43,1992,TX,33610.3
44,1992,UT,37531.91
45,1992,VA,434.6
46,1992,VT,270.0
47,1992,WA,89681.05
48,1992,WI,2519.07
49,1992,WV,7514.4
50,1992,WY,22241.8
51,1993,AK,687191.1
52,1993,AL,2336.8
53,1993,AR,1760.2
54,1993,AZ,205566.37
55,1993,CA,321494.9
56,1993,CO,35555.299999999996
57,1993,CT,401.1
58,1993,DC,9.8
59,1993,DE,1.0
60,1993,FL,79755.2
61,1993,GA,40515.590000000004
62,1993,HI,2562.0
63,1993,IA,30.7
64,1993,ID,7978.2
65,1993,IL,29.8
66,1993,IN,464.3
67,1993,KS,1809.3
68,1993,KY,843.1
69,1993,LA,8066.8
70,1993,MA,1.5
71,1993,MD,1672.9
72,1993,ME,1413.15
73,1993,MI,1008.0
74,1993,MN,19087.71
75,1993,MO,14993.3
76,1993,MS,54108.3
77,1993,MT,12598.41
78,1993,NC,26461.2
79,1993,ND,3923.9
80,1993,NE,173.5
81,1993,NH,166.663
82,1993,NJ,922.7
83,1993,NM,302329.04
84,1993,NV,53979.9
85,1993,NY,1126.3
86,1993,OH,42.7
87,1993,OK,69717.4
88,1993,OR,13843.28
89,1993,PA,40.8
90,1993,PR,163.0
91,1993,SC,34284.7
92,1993,SD,6133.3
93,1993,TN,866.4
94,1993,TX,116873.7
95,1993,UT,19887.47
96,1993,VA,564.0
97,1993,VT,3.0
98,1993,WA,22629.0
99,1993,WI,1442.97
100,1993,WV,9433.8
101,1993,WY,5323.450000000001
102,1994,AK,261964.69999999998
103,1994,AL,34664.4
104,1994,AR,2303.9
105,1994,AZ,224199.73500000002
106,1994,CA,406965.4
107,1994,CO,70760.6
108,1994,CT,943.15
109,1994,DC,5.1000000000000005
110,1994,DE,96.0
111,1994,FL,103085.4
112,1994,GA,25013.89
113,1994,HI,78.6
114,1994,IA,105.4
115,1994,ID,729029.6
116,1994,IL,383.7
117,1994,IN,577.9
118,1994,KS,84460.1
119,1994,KY,4660.6
120,1994,LA,2520.6
121,1994,MA,0.1
122,1994,MD,786.9
123,1994,ME,2012.69
124,1994,MI,6704.2
125,1994,MN,37150.32
126,1994,MO,36249.4
127,1994,MS,54453.5
128,1994,MT,265609.83
129,1994,NC,44936.2
130,1994,ND,11743.3
131,1994,NE,6869.5
132,1994,NH,207.234
133,1994,NJ,2725.85
134,1994,NM,416646.72
135,1994,NV,196057.8
136,1994,NY,1154.6
137,1994,OH,125.7
138,1994,OK,75155.4
139,1994,OR,276054.32
140,1994,PA,66.5
141,1994,PR,1000.0
142,1994,RI,25.0
143,1994,SC,30354.1
144,1994,SD,16520.05
145,1994,TN,3300.2
146,1994,TX,70917.5
147,1994,UT,213555.1
148,1994,VA,1205.5
149,1994,VT,25.3
150,1994,WA,271438.0
151,1994,WI,5241.76
152,1994,WV,50906.8
153,1994,WY,64564.2
154,1995,AK,43961.6
155,1995,AL,38896.6
156,1995,AR,5190.4
157,1995,AZ,262152.58
158,1995,CA,216068.7
159,1995,CO,20043.7
160,1995,CT,427.4
161,1995,DC,0.6000000000000001
162,1995,DE,2014.4
163,1995,FL,56682.7
164,1995,GA,24456.91
165,1995,HI,1027.5
166,1995,IA,57.4
167,1995,ID,268681.2
168,1995,IL,993.2
169,1995,IN,881.4
170,1995,KS,4537.9
171,1995,KY,5863.6
172,1995,LA,7277.9
173,1995,MA,8.7
174,1995,MD,1304.4
175,1995,ME,1137.08
176,1995,MI,4872.3
177,1995,MN,46067.31
178,1995,MO,50196.4
179,1995,MS,68013.8
180,1995,MT,25183.95
181,1995,NC,23404.3
182,1995,ND,2047.6
183,1995,NE,55757.8
184,1995,NH,309.042
185,1995,NJ,22962.146
186,1995,NM,139862.35
187,1995,NV,120031.4
188,1995,NY,9167.45
189,1995,OH,292.3
190,1995,OK,94453.1
191,1995,OR,61282.49
192,1995,PA,51.2
193,1995,SC,17794.8
194,1995,SD,10273.22
195,1995,TN,2049.2
196,1995,TX,56371.1
197,1995,UT,199115.63999999998
198,1995,VA,15136.75
199,1995,VT,1.2
200,1995,WA,6727.8
201,1995,WI,2315.29
202,1995,WV,41583.6
203,1995,WY,12563.75
204,1996,AK,598797.2
205,1996,AL,47683.2
206,1996,AR,5286.8
207,1996,AZ,187400.565
208,1996,CA,707108.9
209,1996,CO,70040.5
210,1996,CT,66.45
211,1996,FL,107511.5
212,1996,GA,37975.89
213,1996,HI,380.3
214,1996,IA,1026.4
215,1996,ID,896659.9
216,1996,IL,149.8
217,1996,IN,495.0
218,1996,KS,147570.4
219,1996,KY,1117.8
220,1996,LA,8254.1
221,1996,MA,2.2
222,1996,MD,312.1
223,1996,ME,403.35
224,1996,MI,2921.7
225,1996,MN,29633.94
226,1996,MO,8538.3
227,1996,MS,101707.7
228,1996,MT,208840.13
229,1996,NC,17358.0
230,1996,ND,4801.8
231,1996,NE,8278.3
232,1996,NH,95.734
233,1996,NJ,929.6
234,1996,NM,171645.96
235,1996,NV,627483.5
236,1996,NY,417.3
237,1996,OH,70.3
238,1996,OK,207480.0
239,1996,OR,590641.84
240,1996,PA,18.9
241,1996,PR,502.0
242,1996,SC,28609.6
243,1996,SD,18689.02
244,1996,TN,484.09999999999997
245,1996,TX,215923.0
246,1996,UT,511165.79
247,1996,VA,3259.5
248,1996,WA,148134.1
249,1996,WI,2927.94
250,1996,WV,5858.5
251,1996,WY,270174.35
252,1997,AK,2026144.5
253,1997,AL,22055.4
254,1997,AR,11442.4
255,1997,AZ,13356.9
256,1997,CA,324565.7
257,1997,CO,6038.2
258,1997,CT,600.35
259,1997,DC,0.30000000000000004
260,1997,DE,24.6
261,1997,FL,133163.9
262,1997,GA,21908.14
263,1997,HI,52.0
264,1997,IA,93.0
265,1997,ID,42902.4
266,1997,IL,13.700000000000001
267,1997,IN,83.0
268,1997,KS,11410.4
269,1997,KY,11612.7
270,1997,LA,21649.0
271,1997,MA,5.4
272,1997,MD,181.70000000000002
273,1997,ME,896.77
274,1997,MI,552.1
275,1997,MN,20708.74
276,1997,MO,23939.7
277,1997,MS,32353.6
278,1997,MT,11343.13
279,1997,NC,17412.0
280,1997,ND,6203.8
281,1997,NE,18129.5
282,1997,NH,108.17
283,1997,NJ,4767.8
284,1997,NM,169966.5
285,1997,NV,41857.4
286,1997,NY,1421.8
287,1997,OH,41.5
288,1997,OK,36624.9
289,1997,OR,24603.940000000002
290,1997,PA,107.7
291,1997,PR,82.8
292,1997,SC,25238.5
293,1997,SD,4318.61
294,1997,TN,13043.7
295,1997,TX,46779.9
296,1997,UT,32525.21
297,1997,VA,5199.3
298,1997,VT,3.0
299,1997,WA,27563.1
300,1997,WI,2621.6
301,1997,WV,7534.95
302,1997,WY,8315.6
303,1998,AK,120782.1
304,1998,AL,35560.6
305,1998,AR,13023.1
306,1998,AZ,27378.8
307,1998,CA,160008.5
308,1998,CO,8379.2
309,1998,CT,131.9
310,1998,DC,4.3999999999999995
311,1998,FL,377720.5
312,1998,GA,45909.78
313,1998,HI,31675.2
314,1998,IA,70.0
315,1998,ID,151299.3
316,1998,IL,165.3
317,1998,IN,175.0
318,1998,KS,5207.1
319,1998,KY,24966.3
320,1998,LA,34126.2
321,1998,MA,3.0
322,1998,MD,544.0
323,1998,ME,1547.8200000000002
324,1998,MI,3959.0
325,1998,MN,49139.65001
326,1998,MO,10981.8
327,1998,MS,39648.8
328,1998,MT,101357.17
329,1998,NC,16913.4
330,1998,ND,7760.1
331,1998,NE,14110.1
332,1998,NH,257.02
333,1998,NJ,1320.44
334,1998,NM,97959.56
335,1998,NV,91363.7
336,1998,NY,1695.71
337,1998,OH,203.4
338,1998,OK,22800.8
339,1998,OR,83099.62
340,1998,PA,54.2
341,1998,PR,1.0
342,1998,SC,16369.0
343,1998,SD,14072.83
344,1998,TN,20857.1
345,1998,TX,136550.6
346,1998,UT,96563.06999999999
347,1998,VA,9279.1
348,1998,VT,14.0
349,1998,WA,111620.59999999999
350,1998,WI,4095.52
351,1998,WV,20567.31
352,1998,WY,4649.6
353,1999,AK,1005843.69999
354,1999,AL,52548.2
355,1999,AR,24032.3
356,1999,AZ,73799.0
357,1999,CA,804123.2
358,1999,CO,20313.9
359,1999,CT,1672.46
360,1999,DC,2.1
361,1999,DE,507.0
362,1999,FL,413350.0
363,1999,GA,73112.0
364,1999,HI,15129.5
365,1999,IA,435.6
366,1999,ID,416185.72000000003
367,1999,IL,497.2
368,1999,IN,764.1999999999999
369,1999,KS,6531.6
370,1999,KY,125633.8
371,1999,LA,37623.0
372,1999,MA,1.5
373,1999,MD,1625.7
374,1999,ME,1061.27
375,1999,MI,10031.1
376,1999,MN,32858.86
377,1999,MO,35498.9
378,1999,MS,66126.9
379,1999,MT,118959.14
380,1999,NC,25060.6
381,1999,ND,70997.6
382,1999,NE,118550.5
383,1999,NH,16.2
384,1999,NJ,16030.3
385,1999,NM,82559.04
386,1999,NV,1773486.6
387,1999,NY,6073.45
388,1999,OH,705.1
389,1999,OK,40669.7
390,1999,OR,72161.93
391,1999,PA,493.8
392,1999,SC,35934.4
393,1999,SD,80370.2253
394,1999,TN,42251.4
395,1999,TX,91028.2
396,1999,UT,148497.92
397,1999,VA,19266.2
398,1999,VT,10.5
399,1999,WA,26175.17
400,1999,WI,5353.08
401,1999,WV,103301.45
402,1999,WY,39686.200000000004
403,2000,AK,756379.2000000001
404,2000,AL,94067.4
405,2000,AR,29052.5
406,2000,AZ,92910.3
407,2000,CA,264670.8
408,2000,CO,131784.1
409,2000,CT,492.3
410,2000,DE,65.0
411,2000,FL,266004.8
412,2000,GA,63509.71
413,2000,HI,5669.6
414,2000,IA,1734.7
415,2000,ID,1350786.48
416,2000,IL,597.2
417,2000,IN,707.9
418,2000,KS,9219.8
419,2000,KY,136220.6
420,2000,LA,91109.5
421,2000,MA,5.8
422,2000,MD,209.7
423,2000,ME,445.98
424,2000,MI,6010.9
425,2000,MN,69170.17
426,2000,MO,17134.3
427,2000,MS,53459.2
428,2000,MT,822830.3099999999
429,2000,NC,38848.0
430,2000,ND,18171.7
431,2000,NE,116094.001
432,2000,NH,132.26
433,2000,NJ,2016.5
434,2000,NM,526543.459
435,2000,NV,648744.2
436,2000,NY,1497.78
437,2000,OH,370.4
438,2000,OK,135159.8
439,2000,OR,365429.38
440,2000,PA,356.7
441,2000,SC,25197.3
442,2000,SD,355266.064
443,2000,TN,75996.2
444,2000,TX,225478.3
445,2000,UT,227486.0
446,2000,VA,32191.8
447,2000,WA,291332.6
448,2000,WI,7014.37
449,2000,WV,50401.3
450,2000,WY,367712.3
451,2001,AK,219924.5
452,2001,AL,39095.1
453,2001,AR,16997.1
454,2001,AZ,35816.74
455,2001,CA,350140.5
456,2001,CO,24221.7
457,2001,CT,745.1
458,2001,DC,0.1
459,2001,DE,10.5
460,2001,FL,480111.5
461,2001,GA,59626.27
462,2001,HI,2352.15
463,2001,IA,85.0
464,2001,ID,192801.62
465,2001,IL,531.1
466,2001,IN,1167.6
467,2001,KS,2662.3
468,2001,KY,175179.4
469,2001,LA,26577.1
470,2001,MA,269.3
471,2001,MD,6849.1
472,2001,ME,2243.54
473,2001,MI,1430.249
474,2001,MN,23136.32
475,2001,MO,17070.6
476,2001,MS,32258.9
477,2001,MT,162549.09
478,2001,NC,44664.4
479,2001,ND,6567.3
480,2001,NE,2473.5519999999997
481,2001,NH,152.81
482,2001,NJ,4410.2
483,2001,NM,70554.31
484,2001,NV,598503.2
485,2001,NY,7118.24
486,2001,OH,1941.9
487,2001,OK,51616.7
488,2001,OR,389247.23
489,2001,PA,4472.7
490,2001,SC,36528.0
491,2001,SD,55260.743
492,2001,TN,62141.1
493,2001,TX,92226.2
494,2001,UT,124083.65
495,2001,VA,20906.1
496,2001,WA,223780.1
497,2001,WI,1364.55
498,2001,WV,97542.6
499,2001,WY,66991.0
500,2002,AK,2186646.0
501,2002,AL,38696.0
502,2002,AR,15770.8
503,2002,AZ,629739.34
504,2002,CA,515860.0
505,2002,CO,479123.75
506,2002,CT,188.66
507,2002,DC,1.0
508,2002,DE,1270.1
509,2002,FL,61954.9
510,2002,GA,166881.32
511,2002,HI,7013.7
512,2002,IA,267.0
513,2002,ID,86211.15
514,2002,IL,100.8
515,2002,IN,766.2
516,2002,KS,65544.0
517,2002,KY,25847.4
518,2002,LA,24685.3
519,2002,MA,512.1
520,2002,MD,1786.1
521,2002,ME,784.0500000000001
522,2002,MI,967.4
523,2002,MN,64357.79
524,2002,MO,20534.7
525,2002,MS,34410.3
526,2002,MT,126100.33
527,2002,NC,29622.0
528,2002,ND,52819.4
529,2002,NE,10095.06
530,2002,NH,158.75
531,2002,NJ,5791.75
532,2002,NM,321163.17
533,2002,NV,53172.2
534,2002,NY,4001.53
535,2002,OH,348.0
536,2002,OK,58766.4
537,2002,OR,1011073.62
538,2002,PA,3173.793759
539,2002,PR,55.0
540,2002,SC,45485.6
541,2002,SD,118526.794
542,2002,TN,13353.7
543,2002,TX,43773.6
544,2002,UT,239124.41
545,2002,VA,19874.9
546,2002,VT,4.8
547,2002,WA,91469.27
548,2002,WI,2600.56
549,2002,WV,10802.4
550,2002,WY,132867.5
551,2003,AK,601674.01
552,2003,AL,20653.47
553,2003,AR,25986.17
554,2003,AZ,200010.72
555,2003,CA,1033343.25
556,2003,CO,45609.91
557,2003,CT,137.0
558,2003,DE,265.3
559,2003,FL,46211.12
560,2003,GA,11517.38
561,2003,HI,24297.6
562,2003,IA,3333.0
563,2003,ID,336103.11
564,2003,IL,1596.95
565,2003,IN,1424.0
566,2003,KS,8034.2
567,2003,KY,19848.8
568,2003,LA,17359.8
569,2003,MA,393.0
570,2003,MD,1373.1
571,2003,ME,858.4
572,2003,MI,7065.059
573,2003,MN,156764.72
574,2003,MO,3276.02
575,2003,MS,24744.25
576,2003,MT,750196.31018
577,2003,NC,8103.1
578,2003,ND,25500.9
579,2003,NE,3316.35
580,2003,NH,89.55
581,2003,NJ,956.0
582,2003,NM,235611.075
583,2003,NV,17385.95
584,2003,NY,3894.27
585,2003,OH,1829.694
586,2003,OK,100423.35
587,2003,OR,169621.16999999998
588,2003,PA,2082.12558
589,2003,PR,18886.41
590,2003,SC,6721.85
591,2003,SD,81492.56
592,2003,TN,1612.2
593,2003,TX,54094.15
594,2003,UT,122967.76
595,2003,VA,5577.7
596,2003,VT,8.2
597,2003,WA,199540.61
598,2003,WI,9084.332
599,2003,WV,8380.35
600,2003,WY,91933.0
601,2004,AK,6591868.60019
602,2004,AL,46853.04
603,2004,AR,23646.47
604,2004,AZ,229747.83
605,2004,CA,300885.27
606,2004,CO,33795.28
607,2004,CT,73.25
608,2004,DE,140.7
609,2004,FL,204098.22
610,2004,GA,35208.72996
611,2004,HI,3901.3
612,2004,IA,1110.5
613,2004,ID,19021.8
614,2004,IL,875.61
615,2004,IN,785.71
616,2004,KS,10179.7
617,2004,KY,22712.55
618,2004,LA,15114.5
619,2004,MA,197.8
620,2004,MD,6338.5
621,2004,ME,803.71
622,2004,MI,2745.13
623,2004,MN,45646.95
624,2004,MO,8217.49
625,2004,MS,41803.42
626,2004,MT,22868.07
627,2004,NC,16701.6
628,2004,ND,19749.89
629,2004,NE,3652.07
630,2004,NH,232.38
631,2004,NJ,503.55
632,2004,NM,91896.73
633,2004,NV,41767.1
634,2004,NY,2700.18
635,2004,OH,227.82
636,2004,OK,70082.7
637,2004,OR,30383.74
638,2004,PA,2766.42199
639,2004,PR,9274.29
640,2004,SC,23390.7
641,2004,SD,14652.8
642,2004,TN,2466.75
643,2004,TX,34553.4
644,2004,UT,85485.44
645,2004,VA,3231.6
646,2004,VT,15.7
647,2004,WA,93797.8
648,2004,WI,2354.912
649,2004,WV,6097.3
650,2004,WY,23946.17
651,2005,AK,4635898.652
652,2005,AL,43207.97
653,2005,AR,40433.19
654,2005,AZ,902847.08999
655,2005,CA,263961.76
656,2005,CO,39413.54
657,2005,CT,254.75
658,2005,DC,0.2
659,2005,DE,167.4
660,2005,FL,39661.57
661,2005,GA,19453.99
662,2005,HI,45629.600000000006
663,2005,IA,6502.1
664,2005,ID,648908.221
665,2005,IL,980.55
666,2005,IN,575.5
667,2005,KS,22922.5
668,2005,KY,57942.935
669,2005,LA,66385.102
670,2005,MA,830.7
671,2005,MD,4033.9
672,2005,ME,724.74
673,2005,MI,4516.812
674,2005,MN,22455.77
675,2005,MO,18188.81
676,2005,MS,55601.2
677,2005,MT,114587.86
678,2005,NC,16155.85
679,2005,ND,18726.1
680,2005,NE,6481.12
681,2005,NH,114.73
682,2005,NJ,1544.5
683,2005,NM,179194.535
684,2005,NV,1102037.05
685,2005,NY,5030.94
686,2005,OH,1072.343
687,2005,OK,337133.95
688,2005,OR,139377.28
689,2005,PA,4170.06701
690,2005,PR,28132.09
691,2005,RI,36.0
692,2005,SC,14747.145
693,2005,SD,42559.43901
694,2005,TN,24853.0
695,2005,TX,288851.35
696,2005,UT,252090.39
697,2005,VA,5424.54999
698,2005,VT,23.2
699,2005,WA,138874.15
700,2005,WI,6513.318
701,2005,WV,15436.4
702,2005,WY,26183.0
703,2006,AK,254513.8
704,2006,AL,79549.12
705,2006,AR,67939.81
706,2006,AZ,181501.38
707,2006,CA,819105.82
708,2006,CO,45893.759999999995
709,2006,CT,433.5
710,2006,DC,0.5
711,2006,FL,253303.43998
712,2006,GA,37917.18001
713,2006,HI,13496.15
714,2006,IA,5371.03
715,2006,ID,910786.471
716,2006,IL,273.2
717,2006,IN,987.35
718,2006,KS,80670.4
719,2006,KY,53632.32
720,2006,LA,41984.0
721,2006,MA,23.2
722,2006,MD,6832.5
723,2006,ME,1841.35
724,2006,MI,7831.17
725,2006,MN,76055.91
726,2006,MO,24197.16
727,2006,MS,131124.75
728,2006,MT,866652.06
729,2006,NC,23369.94999
730,2006,ND,23697.95
731,2006,NE,89062.505
732,2006,NH,291.239
733,2006,NJ,2829.25
734,2006,NM,546954.102
735,2006,NV,1358283.69
736,2006,NY,6770.53
737,2006,OH,1280.213
738,2006,OK,416573.42
739,2006,OR,500568.82
740,2006,PA,7880.1635799999995
741,2006,PR,11263.12
742,2006,RI,93.0
743,2006,SC,17646.26
744,2006,SD,197570.561
745,2006,TN,32782.8
746,2006,TX,1851459.6999899999
747,2006,UT,345550.761
748,2006,VA,23966.56001
749,2006,VT,5.95
750,2006,WA,398481.11
751,2006,WI,3074.506
752,2006,WV,16152.4
753,2006,WY,245299.11000000002
754,2007,AK,634466.1
755,2007,AL,56785.19
756,2007,AR,25684.32
757,2007,AZ,115184.33
758,2007,CA,1061554.3
759,2007,CO,14026.05
760,2007,CT,281.05
761,2007,DC,0.2
762,2007,DE,0.2
763,2007,FL,547914.93999
764,2007,GA,327460.01013
765,2007,HI,39675.15
766,2007,IA,841.563
767,2007,ID,2184656.24
768,2007,IL,830.9
769,2007,IN,2109.01
770,2007,KS,16736.71
771,2007,KY,65614.22
772,2007,LA,772.0
773,2007,MA,205.4
774,2007,MD,7314.8
775,2007,ME,496.72999999999996
776,2007,MI,23095.203999999998
777,2007,MN,164404.56
778,2007,MO,14246.45
779,2007,MS,52528.63
780,2007,MT,744542.86
781,2007,NC,50416.8
782,2007,ND,18860.9
783,2007,NE,20689.3245
784,2007,NH,145.49
785,2007,NJ,20647.6
786,2007,NM,143521.42001
787,2007,NV,946541.3
788,2007,NY,4139.01
789,2007,OH,827.72
790,2007,OK,56870.26
791,2007,OR,567205.89
792,2007,PA,1131.1865
793,2007,PR,24801.48
794,2007,RI,37.0
795,2007,SC,22275.6
796,2007,SD,81107.197
797,2007,TN,54314.83
798,2007,TX,135033.55
799,2007,UT,645219.05001
800,2007,VA,15894.49
801,2007,VT,10.75
802,2007,WA,264464.77
803,2007,WI,4452.04301
804,2007,WV,7519.69
805,2007,WY,94156.9
806,2008,AK,92477.59999999999
807,2008,AL,23247.09
808,2008,AR,11199.43
809,2008,AZ,113915.38
810,2008,CA,1433970.54
811,2008,CO,112023.63
812,2008,CT,2055.8
813,2008,DC,0.1
814,2008,FL,184477.96
815,2008,GA,25892.21998
816,2008,HI,6128.639999999999
817,2008,IA,1688.46
818,2008,ID,175190.36
819,2008,IL,939.89
820,2008,IN,143.4
821,2008,KS,81748.2
822,2008,KY,38915.15
823,2008,LA,24321.52732
824,2008,MA,848.5
825,2008,MD,2794.1
826,2008,ME,549.63
827,2008,MI,2612.92
828,2008,MN,21197.02
829,2008,MO,5933.76
830,2008,MS,36173.34
831,2008,MT,169869.3
832,2008,NC,82255.65001
833,2008,ND,29906.05
834,2008,NE,7784.8202
835,2008,NH,185.07
836,2008,NJ,3312.95
837,2008,NM,365494.54
838,2008,NV,79277.23
839,2008,NY,8120.94
840,2008,OH,484.235
841,2008,OK,144551.23
842,2008,OR,240911.43
843,2008,PA,7610.5693
844,2008,PR,618.1
845,2008,RI,91.0
846,2008,SC,17397.77998
847,2008,SD,41420.353
848,2008,TN,22644.47001
849,2008,TX,1493416.11999
850,2008,UT,34116.24
851,2008,VA,44093.05
852,2008,VT,18.7
853,2008,WA,117879.42
854,2008,WI,901.6320000000001
855,2008,WV,14352.45
856,2008,WY,102269.11
857,2009,AK,2949593.97
858,2009,AL,24875.739999999998
859,2009,AR,17775.74
860,2009,AZ,222084.76
861,2009,CA,465218.99
862,2009,CO,37723.96
863,2009,CT,244.83
864,2009,DC,0.5
865,2009,FL,144474.14001
866,2009,GA,17790.82998
867,2009,HI,11825.4
868,2009,IA,7948.952
869,2009,ID,23907.91
870,2009,IL,3263.4
871,2009,IN,109.10000000000001
872,2009,KS,38965.2
873,2009,KY,43494.91
874,2009,LA,35312.325157
875,2009,MA,1.0
876,2009,MD,4606.9
877,2009,ME,474.78000000000003
878,2009,MI,3209.4300000000003
879,2009,MN,11715.91
880,2009,MO,17994.88
881,2009,MS,26854.35
882,2009,MT,53706.39
883,2009,NC,19328.35
884,2009,ND,3314.1600000000003
885,2009,NE,11186.551
886,2009,NH,121.785
887,2009,NJ,1060.25
888,2009,NM,423158.58
889,2009,NV,28678.98
890,2009,NY,5237.41
891,2009,OH,4784.42
892,2009,OK,403834.45
893,2009,OR,89058.37
894,2009,PA,6203.11182
895,2009,PR,8870.36
896,2009,RI,50.63
897,2009,SC,30566.22
898,2009,SD,38708.7853
899,2009,TN,18139.07
900,2009,TX,585669.98
901,2009,UT,114442.582
902,2009,VA,8032.24
903,2009,VT,0.5
904,2009,WA,87063.29000000001
905,2009,WI,4142.174447
906,2009,WV,16504.0
907,2009,WY,23649.14
908,2010,AK,1137532.57
909,2010,AL,42078.47
910,2010,AR,34754.71
911,2010,AZ,87800.2
912,2010,CA,127905.22
913,2010,CO,51895.06
914,2010,CT,456.03000000000003
915,2010,DC,0.1
916,2010,DE,3.0
917,2010,FL,71298.6
918,2010,GA,23350.45
919,2010,HI,15213.82
920,2010,IA,2404.942
921,2010,ID,643868.16
922,2010,IL,2608.55
923,2010,IN,1570.1
924,2010,KS,25108.809999999998
925,2010,KY,60209.45
926,2010,LA,43720.1999
927,2010,MA,322.2
928,2010,MD,3580.6000000000004
929,2010,ME,296.79
930,2010,MI,12051.41
931,2010,MN,35680.04
932,2010,MO,14471.5
933,2010,MS,36217.72
934,2010,MT,57476.1
935,2010,NC,16987.3
936,2010,ND,3754.8
937,2010,NE,23333.690000000002
938,2010,NH,52.043
939,2010,NJ,9951.3
940,2010,NM,131034.57
941,2010,NV,19970.15
942,2010,NY,4300.13
943,2010,OH,1512.98
944,2010,OK,117098.0
945,2010,OR,87747.78
946,2010,PA,3499.96599
947,2010,PR,7171.15
948,2010,SC,9468.37
949,2010,SD,10395.776
950,2010,TN,22093.45
951,2010,TX,242902.03
952,2010,UT,62650.369999999995
953,2010,VA,11437.630000000001
954,2010,VT,0.35
955,2010,WA,94309.8
956,2010,WI,2500.7956
957,2010,WV,25454.16
958,2010,WY,86949.4492
959,2011,AK,293004.1
960,2011,AL,54097.18
961,2011,AR,47899.69
962,2011,AZ,1038087.8300000001
963,2011,CA,192277.92
964,2011,CO,164886.345
965,2011,CT,237.38
966,2011,DC,0.2
967,2011,FL,331175.8
968,2011,GA,437903.79000000004
969,2011,HI,4591.58
970,2011,IA,7461.4325
971,2011,ID,409349.05
972,2011,IL,2223.5299999999997
973,2011,IN,699.5
974,2011,KS,100670.11
975,2011,KY,23874.23
976,2011,LA,37838.91
977,2011,MD,10247.38
978,2011,ME,167.69
979,2011,MI,1832.48
980,2011,MN,140188.68
981,2011,MO,31844.55
982,2011,MS,29025.64
983,2011,MT,139286.18
984,2011,NC,109458.78
985,2011,ND,4049.38
986,2011,NE,39060.632
987,2011,NH,4.45
988,2011,NJ,818.25
989,2011,NM,1143943.7
990,2011,NV,422953.14999999997
991,2011,NY,1370.94
992,2011,OH,287.74
993,2011,OK,327168.1
994,2011,OR,224034.59
995,2011,PA,579.41
996,2011,PR,23233.57
997,2011,RI,28.04
998,2011,SC,29686.05
999,2011,SD,66036.496
1000,2011,TN,14787.0
1001,2011,TX,3496503.95
1002,2011,UT,62043.63
1003,2011,VA,25007.88
1004,2011,WA,42615.25
1005,2011,WI,635.757
1006,2011,WV,5811.46
1007,2011,WY,134830.58
1008,2012,AK,300587.0
1009,2012,AL,29156.46
1010,2012,AR,38848.49
1011,2012,AZ,229022.02
1012,2012,CA,764759.33
1013,2012,CO,271263.39
1014,2012,CT,517.3
1015,2012,DC,4.4
1016,2012,DE,39.85
1017,2012,FL,138965.24
1018,2012,GA,25434.62
1019,2012,HI,7987.71
1020,2012,IA,3984.011
1021,2012,ID,1776256.39
1022,2012,IL,1356.15
1023,2012,IN,1042.2
1024,2012,KS,57330.13
1025,2012,KY,32630.53
1026,2012,LA,10519.22
1027,2012,MA,2.9
1028,2012,MD,1439.9
1029,2012,ME,469.85
1030,2012,MI,28326.69
1031,2012,MN,64587.04
1032,2012,MO,18722.5
1033,2012,MS,12723.3
1034,2012,MT,1007209.58
1035,2012,NC,35318.75
1036,2012,ND,41722.89
1037,2012,NE,336108.359
1038,2012,NH,101.06
1039,2012,NJ,3142.55
1040,2012,NM,370998.82
1041,2012,NV,455326.07
1042,2012,NY,3529.34
1043,2012,OH,1097.02
1044,2012,OK,203966.35
1045,2012,OR,1531105.27
1046,2012,PA,3207.56
1047,2012,PR,392.2
1048,2012,RI,39.910000000000004
1049,2012,SC,15437.33
1050,2012,SD,170466.449
1051,2012,TN,21728.19
1052,2012,TX,163114.9
1053,2012,UT,432902.185
1054,2012,VA,48077.78
1055,2012,VT,356.488
1056,2012,WA,285381.41
1057,2012,WI,2796.7
1058,2012,WV,16745.52
1059,2012,WY,482305.46
1060,2013,AK,1320759.3
1061,2013,AL,29935.41
1062,2013,AR,13298.69
1063,2013,AZ,103408.91
1064,2013,CA,581410.272
1065,2013,CO,162130.23
1066,2013,DC,0.1
1067,2013,DE,20.35
1068,2013,FL,77107.23
1069,2013,GA,14667.35
1070,2013,HI,761.4
1071,2013,IA,2417.32
1072,2013,ID,740325.5
1073,2013,IL,845.62
1074,2013,IN,741.2
1075,2013,KS,6867.0
1076,2013,KY,24048.02
1077,2013,LA,22754.5302
1078,2013,MA,17.6
1079,2013,MD,426.85
1080,2013,ME,717.22
1081,2013,MI,977.22
1082,2013,MN,21936.47
1083,2013,MO,3885.18
1084,2013,MS,22015.9
1085,2013,MT,77404.18000000001
1086,2013,NC,14148.699999999999
1087,2013,ND,6693.69
1088,2013,NE,10547.091
1089,2013,NH,85.52
1090,2013,NJ,1428.05
1091,2013,NM,285066.05
1092,2013,NV,180004.85
1093,2013,NY,2376.3
1094,2013,OH,1716.51
1095,2013,OK,30110.95
1096,2013,OR,319439.93
1097,2013,PA,1784.77
1098,2013,PR,2527.4
1099,2013,RI,16.7
1100,2013,SC,9478.73
1101,2013,SD,15061.18371
1102,2013,TN,10057.21
1103,2013,TX,71736.92
1104,2013,UT,70397.45
1105,2013,VA,5871.55
1106,2013,VT,275.308
1107,2013,WA,153546.66
1108,2013,WI,9138.07
1109,2013,WV,9714.03
1110,2013,WY,54321.8
1111,2014,AK,233601.28
1112,2014,AL,37961.505
1113,2014,AR,21041.61
1114,2014,AZ,203174.664
1115,2014,CA,547828.57
1116,2014,CO,26011.11
1117,2014,DC,0.2
1118,2014,DE,5.0
1119,2014,FL,156386.41
1120,2014,GA,22215.87
1121,2014,HI,0.2
1122,2014,IA,10522.875
1123,2014,ID,198892.57
1124,2014,IL,2422.065
1125,2014,IN,132.22
1126,2014,KS,36525.8
1127,2014,KY,43086.849996
1128,2014,LA,37582.744699999996
1129,2014,MA,373.2
1130,2014,MD,1781.1
1131,2014,ME,218.97
1132,2014,MI,672.07
1133,2014,MN,3984.64
1134,2014,MO,22455.8
1135,2014,MS,33235.6
1136,2014,MT,34919.92
1137,2014,NC,14991.4
1138,2014,ND,3915.45
1139,2014,NE,20213.0322
1140,2014,NH,78.466
1141,2014,NJ,10246.3
1142,2014,NM,43976.16
1143,2014,NV,69902.34
1144,2014,NY,2972.882816
1145,2014,OH,3486.07
1146,2014,OK,187617.2
1147,2014,OR,934078.44
1148,2014,PA,4511.18
1149,2014,PR,260.7
1150,2014,RI,23.3
1151,2014,SC,11225.9
1152,2014,SD,18745.94
1153,2014,TN,17872.77
1154,2014,TX,143843.03
1155,2014,UT,27185.371
1156,2014,VA,12566.539999999999
1157,2014,VT,163.111
1158,2014,WA,449900.92000000004
1159,2014,WI,2823.736
1160,2014,WV,13638.51
1161,2014,WY,7725.89
1162,2015,AK,5138703.66
1163,2015,AL,30833.71
1164,2015,AR,18934.41
1165,2015,AZ,155814.27
1166,2015,CA,848437.74
1167,2015,CO,27334.505
1168,2015,CT,417.5
1169,2015,DC,2.2
1170,2015,DE,79.25
1171,2015,FL,166996.54
1172,2015,GA,11389.9
1173,2015,HI,4836.6
1174,2015,IA,13914.2781
1175,2015,ID,791026.11
1176,2015,IL,1564.8
1177,2015,IN,673.8
1178,2015,KS,124270.491
1179,2015,KY,19680.02
1180,2015,LA,20327.6537
1181,2015,MA,2094.23
1182,2015,MD,1044.0
1183,2015,ME,590.78
1184,2015,MI,3815.4900000000002
1185,2015,MN,28952.47
1186,2015,MO,12023.741
1187,2015,MS,36367.6
1188,2015,MT,350033.86
1189,2015,NC,11044.73
1190,2015,ND,25793.97
1191,2015,NE,44194.8
1192,2015,NH,621.1
1193,2015,NJ,2735.8
1194,2015,NM,52126.7
1195,2015,NV,23445.88
1196,2015,NY,7299.08
1197,2015,OH,2084.09
1198,2015,OK,149535.25
1199,2015,OR,579124.05
1200,2015,PA,4136.24
1201,2015,PR,1326.75
1202,2015,RI,121.83
1203,2015,SC,6625.41
1204,2015,SD,53566.46
1205,2015,TN,8524.960000000001
1206,2015,TX,208761.73
1207,2015,UT,9825.6
1208,2015,VA,6328.1
1209,2015,VT,346.42900000000003
1210,2015,WA,1161646.38
1211,2015,WI,2721.44
1212,2015,WV,17251.37
1213,2015,WY,36821.225
1214,2016,AK,501072.75
1215,2016,AL,57107.92
1216,2016,AR,31294.76
1217,2016,AZ,305315.72
1218,2016,CA,574862.96
1219,2016,CO,128657.22
1220,2016,CT,930.16
1221,2016,DC,0.8
1222,2016,DE,49.0
1223,2016,FL,83810.03
1224,2016,GA,86856.76
1225,2016,HI,15622.0
1226,2016,IA,1369.19
1227,2016,ID,369322.76999999996
1228,2016,IL,311.31
1229,2016,IN,651.8
1230,2016,KS,101787.26000000001
1231,2016,KY,79367.09
1232,2016,LA,26768.665
1233,2016,MA,1624.229
1234,2016,MD,244.3
1235,2016,ME,835.72
1236,2016,MI,3695.9800000000005
1237,2016,MN,12579.77
1238,2016,MO,14994.689
1239,2016,MS,34396.7
1240,2016,MT,105459.55
1241,2016,NC,96789.11
1242,2016,ND,20103.27
1243,2016,NE,30564.8551
1244,2016,NH,1047.533
1245,2016,NJ,4982.3
1246,2016,NM,227503.81
1247,2016,NV,267515.83
1248,2016,NY,9200.8
1249,2016,OH,1027.6299999999999
1250,2016,OK,706048.15
1251,2016,OR,203206.99
1252,2016,PA,12185.07
1253,2016,PR,100.1
1254,2016,RI,55.660000000000004
1255,2016,SC,18622.99
1256,2016,SD,101816.3344
1257,2016,TN,90003.18
1258,2016,TX,306421.94
1259,2016,UT,101586.379
1260,2016,VA,35454.6
1261,2016,VT,215.82399999999998
1262,2016,WA,310288.29
1263,2016,WI,1157.992
1264,2016,WV,17197.48
1265,2016,WY,260196.97
1266,2017,AK,653973.2
1267,2017,AL,20635.66
1268,2017,AR,37545.48
1269,2017,AZ,437888.804
1270,2017,CA,1360160.0
1271,2017,CO,130442.70999999999
1272,2017,CT,388.67
1273,2017,DC,4.9
1274,2017,DE,22.5
1275,2017,FL,449792.97000000003
1276,2017,GA,48210.07
1277,2017,HI,5217.6
1278,2017,IA,6873.84
1279,2017,ID,701125.15
1280,2017,IL,539.01
1281,2017,IN,410.23
1282,2017,KS,193112.02
1283,2017,KY,27599.64
1284,2017,LA,8946.437
1285,2017,MA,688.52
1286,2017,MD,2185.5
1287,2017,ME,467.4
1288,2017,MI,728.76
1289,2017,MN,6458.97
1290,2017,MO,18906.4805
1291,2017,MS,30014.15
1292,2017,MT,1281907.31
1293,2017,NC,24284.45
1294,2017,ND,14742.82
1295,2017,NE,28520.23
1296,2017,NH,141.975
1297,2017,NJ,10063.55
1298,2017,NM,142800.2
1299,2017,NV,1137057.69
1300,2017,NY,2779.3
1301,2017,OH,1311.71
1302,2017,OK,991100.95
1303,2017,OR,780086.63
1304,2017,PA,1654.6100000000001
1305,2017,PR,119.0
1306,2017,RI,31.400000000000002
1307,2017,SC,17764.68
1308,2017,SD,76386.56361
1309,2017,TN,8467.85
1310,2017,TX,752278.1
1311,2017,UT,248972.97
1312,2017,VA,6977.16
1313,2017,VT,46.9
1314,2017,WA,444950.05
1315,2017,WI,665.176
1316,2017,WV,6837.12
1317,2017,WY,123376.15000000001
1318,2018,AK,411034.95
1319,2018,AL,11638.789999999999
1320,2018,AR,23086.44
1321,2018,AZ,166874.987
1322,2018,CA,1635757.6
1323,2018,CO,514977.576
1324,2018,CT,44.55
1325,2018,DC,0.5
1326,2018,FL,204215.46
1327,2018,GA,14237.48
1328,2018,HI,26083.0
1329,2018,IA,8068.1
1330,2018,ID,591385.86
1331,2018,IL,872.6800000000001
1332,2018,IN,231.85
1333,2018,KS,81467.98
1334,2018,KY,8342.1
1335,2018,LA,11340.596
1336,2018,MA,441.07
1337,2018,MD,370.75
1338,2018,ME,693.0
1339,2018,MI,7458.6
1340,2018,MN,17310.71
1341,2018,MO,26284.445
1342,2018,MS,17082.67
1343,2018,MT,105640.26
1344,2018,NC,11253.49
1345,2018,ND,20902.3
1346,2018,NE,13776.2511
1347,2018,NH,58.8703
1348,2018,NJ,1279.0
1349,2018,NM,372680.2
1350,2018,NV,1070680.1500000001
1351,2018,NY,1687.6791375
1352,2018,OH,1529.85
1353,2018,OK,568814.4
1354,2018,OR,738643.85
1355,2018,PA,1855.09
1356,2018,PR,279.9
1357,2018,RI,14.0
1358,2018,SC,14102.45
1359,2018,SD,5742.1900000000005
1360,2018,TN,3929.25
1361,2018,TX,475699.73
1362,2018,UT,383539.124
1363,2018,VA,8178.5
1364,2018,VT,104.07
1365,2018,WA,428906.1
1366,2018,WI,3823.325
1367,2018,WV,5954.41
1368,2018,WY,225226.05
1369,2019,AK,2671811.21
1370,2019,AL,29199.39
1371,2019,AR,7838.12
1372,2019,AZ,373563.921
1373,2019,CA,294620.97
1374,2019,CO,40732.784999999996
1375,2019,CT,67.9
1376,2019,DC,0.5
1377,2019,DE,7.0
1378,2019,FL,114471.5
1379,2019,GA,13029.47
1380,2019,HI,25406.2
1381,2019,IA,1988.54
1382,2019,ID,284557.33
1383,2019,IL,372.46
1384,2019,IN,598.35
1385,2019,KS,17570.96
1386,2019,KY,11251.68
1387,2019,LA,11477.002
1388,2019,MA,241.53
1389,2019,MD,1478.6
1390,2019,ME,156.9
1391,2019,MI,5387.49
1392,2019,MN,5498.08
1393,2019,MO,14364.29
1394,2019,MS,18075.99
1395,2019,MT,66651.49
1396,2019,NC,9187.38
1397,2019,ND,8052.64
1398,2019,NE,17470.05
1399,2019,NH,22.75
1400,2019,NJ,12832.4
1401,2019,NM,106302.92
1402,2019,NV,81264.68000000001
1403,2019,NY,541.3000000000001
1404,2019,OH,955.77
1405,2019,OK,64104.12
1406,2019,OR,74425.88
1407,2019,PA,694.73
1408,2019,PR,314.4
1409,2019,RI,32.15
1410,2019,SC,9825.99
1411,2019,SD,2127.335
1412,2019,TN,5226.79
1413,2019,TX,206158.01
1414,2019,UT,92518.2
1415,2019,VA,3219.06
1416,2019,VT,22.43
1417,2019,WA,155288.3
1418,2019,WI,1665.04
1419,2019,WV,8554.27
1420,2019,WY,44441.58
1421,2020,AK,181309.4
1422,2020,AL,11814.380000000001
1423,2020,AR,12049.2
1424,2020,AZ,971202.653
1425,2020,CA,4253414.89
1426,2020,CO,694297.315
1427,2020,CT,366.35
1428,2020,DC,0.1
1429,2020,DE,8.0
1430,2020,FL,118955.8
1431,2020,GA,5795.87
1432,2020,HI,5257.46
1433,2020,IA,6362.25
1434,2020,ID,320356.91000000003
1435,2020,IL,1134.471
1436,2020,IN,362.0
1437,2020,KS,53723.441
1438,2020,KY,9167.69
1439,2020,LA,8243.57
1440,2020,MA,887.593
1441,2020,MD,1217.6
1442,2020,ME,1045.02
1443,2020,MI,2685.505
1444,2020,MN,8940.81
1445,2020,MO,16374.503
1446,2020,MS,30527.043
1447,2020,MT,358206.7649
1448,2020,NC,8761.68
1449,2020,ND,10154.535
1450,2020,NE,37459.322
1451,2020,NH,69.868
1452,2020,NJ,4792.15
1453,2020,NM,142571.8434
1454,2020,NV,239269.26799999998
1455,2020,NY,9222.35
1456,2020,OH,1361.98
1457,2020,OK,97324.91
1458,2020,OR,1124594.3
1459,2020,PA,3038.01
1460,2020,PR,70.5
1461,2020,RI,83.9
1462,2020,SC,2801.66
1463,2020,SD,27638.2117
1464,2020,TN,3725.31
1465,2020,TX,270370.49
1466,2020,UT,308496.5304
1467,2020,VA,5537.44
1468,2020,VT,134.3217
1469,2020,WA,824676.0273
1470,2020,WI,2769.2599999999998
1471,2020,WV,4732.35
1472,2020,WY,292019.542
